date,EWA,EWC
31/12/2014,15.79712963,24.71280479
02/01/2015,15.74725437,24.56723404
05/01/2015,15.5976162,23.9078846
06/01/2015,15.53348827,23.55680275
07/01/2015,15.67599773,23.58249092
08/01/2015,15.88263798,23.87363243
09/01/2015,16.03226852,23.66812134
12/01/2015,15.84701061,23.29134941
13/01/2015,15.84701061,23.188591
14/01/2015,15.63324356,23.04302597
15/01/2015,15.72587776,22.91457367
16/01/2015,15.90401173,23.34272766
20/01/2015,15.6973753,23.06871223
21/01/2015,15.8398819,23.13721657
22/01/2015,15.83275986,23.33415985
23/01/2015,15.67599773,23.34272766
26/01/2015,15.7329998,23.28278351
27/01/2015,15.76150131,23.45404434
28/01/2015,15.67599773,22.86320114
29/01/2015,15.71162319,22.76044273
30/01/2015,15.61899376,22.64056206
02/02/2015,15.939641,23.23997116
03/02/2015,16.28166199,23.86507034
04/02/2015,16.19615746,23.41979408
05/02/2015,16.48830223,23.88219643
06/02/2015,16.38141823,23.64243317
09/02/2015,16.36004066,23.80512619
10/02/2015,16.35291862,23.63387108
11/02/2015,16.11065292,23.56536293
12/02/2015,16.21040916,23.95926094
13/02/2015,16.5524292,24.04489326
17/02/2015,16.65930748,24.29321861
18/02/2015,16.73769188,24.02776718
19/02/2015,16.66643524,23.83081627
20/02/2015,16.75906563,23.72806168
23/02/2015,16.71631432,23.72806168
24/02/2015,16.87307167,23.86507034
25/02/2015,16.98708153,24.1048336
26/02/2015,16.75906563,23.94213295
27/02/2015,16.87307167,23.99351692
02/03/2015,16.88732338,24.0020771
03/03/2015,16.89444923,23.86507034
04/03/2015,16.80181885,23.88219643
05/03/2015,16.71631432,23.76231384
06/03/2015,16.42417336,23.35128975
09/03/2015,16.42417336,23.25709343
10/03/2015,16.04652214,22.76900482
11/03/2015,16.00376511,22.77756882
12/03/2015,16.46692467,22.94026947
13/03/2015,16.14627647,22.74331856
16/03/2015,16.28879166,23.03446007
17/03/2015,16.23891258,23.06015015
18/03/2015,16.72344017,23.55680275
19/03/2015,16.55955696,22.99164009
20/03/2015,17.05121231,23.50542831
23/03/2015,17.1723423,23.62530708
24/03/2015,17.17946815,23.81369019
25/03/2015,16.98708153,23.57392883
26/03/2015,16.82319641,23.52254677
27/03/2015,16.65930748,23.18002892
30/03/2015,16.48117065,23.197155
31/03/2015,16.28879166,23.27422333
01/04/2015,16.31728554,23.37697983
02/04/2015,16.37429428,23.65955734
06/04/2015,16.52392578,23.89075661
07/04/2015,16.60942841,23.97638893
08/04/2015,16.78756905,23.97638893
09/04/2015,16.74481201,24.07914543
10/04/2015,16.7804451,24.19046593
13/04/2015,16.49542427,24.15620995
14/04/2015,16.58805466,24.37884521
15/04/2015,16.63792992,24.85837936
16/04/2015,16.90157318,24.96969604
17/04/2015,16.58805466,24.84124947
20/04/2015,16.55955696,24.93544388
21/04/2015,16.50967598,24.72993279
22/04/2015,16.5524292,24.78131104
23/04/2015,16.67355728,25.1067028
24/04/2015,17.05121231,25.07245636
27/04/2015,17.13671494,25.08101654
28/04/2015,17.37898064,25.26083946
29/04/2015,16.96570396,25.29508972
30/04/2015,16.61655617,24.93544388
01/05/2015,16.70919037,24.95256805
04/05/2015,16.68068504,25.11526871
05/05/2015,16.65930748,24.83268738
06/05/2015,16.37429428,24.64430428
07/05/2015,16.16765404,24.55010796
08/05/2015,16.34579086,24.77274513
11/05/2015,16.04652214,24.71280479
12/05/2015,16.43129921,24.69568062
13/05/2015,16.77331543,24.66999245
14/05/2015,16.89444923,24.7042408
15/05/2015,16.88732338,24.77274513
18/05/2015,16.5524292,24.58435822
19/05/2015,16.23891258,24.38740921
20/05/2015,16.16765404,24.37028694
21/05/2015,16.33866501,24.56723404
22/05/2015,16.19615746,24.38740921
26/05/2015,16.21753311,23.89075661
27/05/2015,16.22465897,23.92500877
28/05/2015,16.00376511,23.96782112
29/05/2015,16.06077385,23.78800392
01/06/2015,15.939641,23.7109375
02/06/2015,16.00376511,23.95926094
03/06/2015,15.88263798,23.98495293
04/06/2015,15.39810562,23.67668343
05/06/2015,15.31260014,23.71949959
08/06/2015,15.37672806,23.41979408
09/06/2015,15.31260014,23.65099335
10/06/2015,15.65462208,23.9164505
11/06/2015,15.76150131,23.86507034
12/06/2015,15.6118679,23.599617
15/06/2015,15.69025135,23.62530708
16/06/2015,15.80425549,23.65099335
17/06/2015,15.8398819,23.74518776
18/06/2015,15.89688301,23.81369019
19/06/2015,15.91826439,23.52254677
22/06/2015,15.9467659,23.69380951
23/06/2015,16.10352707,23.84794235
24/06/2015,16.03226852,23.78800392
25/06/2015,15.94470119,23.8156147
26/06/2015,15.64551163,23.75521469
29/06/2015,15.25145817,23.08216476
30/06/2015,15.34632015,23.0131321
01/07/2015,15.51416111,22.91821289
02/07/2015,15.609025,23.03901672
06/07/2015,15.17118359,22.78878403
07/07/2015,15.20767212,22.73701096
08/07/2015,14.77712536,22.34871101
09/07/2015,14.91577816,22.23653603
10/07/2015,15.1055088,22.46951675
13/07/2015,15.11280251,22.5730629
14/07/2015,15.28794003,22.65934944
15/07/2015,15.25145817,22.46951675
16/07/2015,15.43389225,22.49539948
17/07/2015,15.35361576,22.34871101
20/07/2015,15.45577908,22.03807449
21/07/2015,15.49226379,22.00355721
22/07/2015,15.18577957,21.79646301
23/07/2015,15.00334263,21.68428993
24/07/2015,14.75523472,21.59800148
27/07/2015,14.79172039,21.35639381
28/07/2015,15.12740135,21.68428993
29/07/2015,15.17118359,22.00355721
30/07/2015,15.21496868,22.02944374
31/07/2015,15.26605034,22.04670143
03/08/2015,15.13469887,21.77920341
04/08/2015,15.39010525,21.91726875
05/08/2015,15.35361576,21.9258976
06/08/2015,14.97415447,21.908638
07/08/2015,14.84280396,21.71017265
10/08/2015,15.06902218,22.15887451
11/08/2015,14.55091286,21.88275337
12/08/2015,14.55820751,21.97767258
13/08/2015,14.51442432,21.7015419
14/08/2015,14.49253368,21.71017265
17/08/2015,14.54361343,21.67566109
18/08/2015,14.37577534,21.60663223
19/08/2015,14.48523521,21.27873039
20/08/2015,14.06928539,20.8386631
21/08/2015,13.73360634,20.28641701
24/08/2015,12.65359974,19.54433441
25/08/2015,13.40522861,19.60473824
26/08/2015,13.77739429,20.01892281
27/08/2015,14.04739094,20.74374962
28/08/2015,13.97441864,20.88180542
31/08/2015,13.60955238,20.94220734
01/09/2015,12.98198032,20.27778625
02/09/2015,13.27387428,20.32093239
03/09/2015,13.09144115,20.48487854
04/09/2015,12.79954815,20.16561317
08/09/2015,13.38333321,20.51076889
09/09/2015,13.33954906,20.32956123
10/09/2015,13.39792824,20.42448044
11/09/2015,13.37603664,20.226017
14/09/2015,13.45630741,20.06206703
15/09/2015,13.44171143,20.226017
16/09/2015,13.79198456,20.84728813
17/09/2015,13.65333557,20.8386631
18/09/2015,13.58036423,20.57116508
21/09/2015,13.46360683,20.67471504
22/09/2015,13.28117275,20.16561317
23/09/2015,13.01117325,19.88948822
24/09/2015,13.20819855,19.88085747
25/09/2015,13.12792778,19.91537476
28/09/2015,12.92359924,19.25958252
29/09/2015,12.76305866,19.26821136
30/09/2015,13.07684612,19.8463459
01/10/2015,13.18630219,19.8463459
02/10/2015,13.31765747,20.14835739
05/10/2015,13.69711971,20.57116508
06/10/2015,13.77739429,20.81277847
07/10/2015,13.99631119,21.13204384
08/10/2015,14.20063782,21.38227654
09/10/2015,14.33198929,21.50308228
12/10/2015,14.28090572,21.3132515
13/10/2015,13.97441864,21.13204384
14/10/2015,14.05468941,21.38227654
15/10/2015,14.31739521,21.42542458
16/10/2015,14.28090572,21.35639381
19/10/2015,14.15685368,21.02850151
20/10/2015,14.06928539,21.22696114
21/10/2015,13.96712303,20.73511696
22/10/2015,14.25171947,21.08026886
23/10/2015,14.44145107,21.08026886
26/10/2015,14.39766502,20.84728813
27/10/2015,14.26631165,20.59705353
28/10/2015,14.14955521,20.95946693
29/10/2015,13.7409029,20.89043427
30/10/2015,13.80657864,20.5366497
02/11/2015,13.77009392,20.68334007
03/11/2015,14.01820278,20.95084
04/11/2015,13.8576622,20.69197083
05/11/2015,13.72630978,20.49350929
06/11/2015,13.60225391,20.29504585
09/11/2015,13.25197887,20.20012856
10/11/2015,13.23738766,20.12247086
11/11/2015,13.38333321,20.02755356
12/11/2015,13.39063263,19.6565094
13/11/2015,13.21549511,19.4839344
16/11/2015,13.32495689,19.87223053
17/11/2015,13.47090149,19.85497284
18/11/2015,13.66793156,20.04480934
19/11/2015,14.01090527,20.20012856
20/11/2015,14.1203661,20.05343628
23/11/2015,14.03279686,19.90674591
24/11/2015,14.1203661,20.07932281
25/11/2015,13.9817152,20.05343628
27/11/2015,13.87955379,19.94126129
30/11/2015,13.93063545,20.07932281
01/12/2015,14.32469273,20.36407661
02/12/2015,14.17874813,20.08795547
03/12/2015,14.08387947,19.89811707
04/12/2015,14.14955521,19.93263435
07/12/2015,13.87225628,19.25095558
08/12/2015,13.59495735,18.95757103
09/12/2015,13.5730648,19.05249023
10/12/2015,13.58036423,19.05249023
11/12/2015,13.20089912,18.61241722
14/12/2015,13.20819855,18.4916172
15/12/2015,13.23008633,18.83677101
16/12/2015,13.60955238,19.09563255
17/12/2015,13.36144066,18.6641922
18/12/2015,13.5219841,18.6641922
21/12/2015,13.68631077,18.65544701
22/12/2015,13.79135799,18.76040459
23/12/2015,14.04647732,19.17146873
24/12/2015,14.05397797,19.22394562
28/12/2015,14.02396488,18.93532372
29/12/2015,14.40664005,19.15397263
30/12/2015,14.37662697,18.94406891
31/12/2015,14.22655678,18.80412865
04/01/2016,14.03146839,18.53300095
05/01/2016,13.82137203,18.44553947
06/01/2016,13.42368603,18.04321861
07/01/2016,12.85342407,17.61465836
08/01/2016,12.6658392,17.53594589
11/01/2016,12.77088833,17.29980278
12/01/2016,12.84592247,17.33478546
13/01/2016,12.62081528,16.9499588
14/01/2016,12.88343906,17.1686058
15/01/2016,12.19312286,16.591362
19/01/2016,12.48575687,16.52139473
20/01/2016,12.44073582,16.31148911
21/01/2016,12.68084621,16.83625793
22/01/2016,12.91345119,17.50096321
25/01/2016,12.71086121,17.03742027
26/01/2016,12.96597767,17.51844978
27/01/2016,12.82341099,17.54469109
28/01/2016,13.05601883,17.96450424
29/01/2016,13.2361002,18.28810883
01/02/2016,13.25861359,18.20064545
02/02/2016,12.83841896,17.75459862
03/02/2016,13.01850319,18.27936554
04/02/2016,13.24360561,18.59422493
05/02/2016,12.89844704,18.3493309
08/02/2016,12.88343906,17.99948883
09/02/2016,12.63582516,17.66713524
10/02/2016,12.59080696,17.48346329
11/02/2016,12.545784,17.31729126
12/02/2016,12.71086121,17.85080719
16/02/2016,12.99598885,18.12193298
17/02/2016,13.20608807,18.84786224
18/02/2016,13.25110912,18.83911514
19/02/2016,13.22109509,18.62920952
22/02/2016,13.58876514,18.76040459
23/02/2016,13.33364868,18.52425575
24/02/2016,13.19108105,18.56798553
25/02/2016,13.20608807,18.79538727
26/02/2016,12.98098469,18.91782951
29/02/2016,12.96597767,18.91782951
01/03/2016,13.38617039,19.33764267
02/03/2016,13.77635288,19.37262917
03/03/2016,14.04647732,19.58253479
04/03/2016,14.29408932,19.78369331
07/03/2016,14.49668407,20.15103149
08/03/2016,14.22655678,19.83617401
09/03/2016,14.56421471,20.20350838
10/03/2016,14.45916557,20.04607773
11/03/2016,14.8343401,20.4571476
14/03/2016,14.63924694,20.35219193
15/03/2016,14.30909348,20.1072998
16/03/2016,14.63924694,20.54460907
17/03/2016,14.96189785,20.94692993
18/03/2016,14.8793602,20.73702049
21/03/2016,14.79682255,20.73702049
22/03/2016,14.7743082,20.72827339
23/03/2016,14.45916557,20.29097176
24/03/2016,14.42915058,20.19476128
28/03/2016,14.47417259,20.31720924
29/03/2016,14.43665504,20.52711296
30/03/2016,14.50418472,20.81573105
31/03/2016,14.49668407,20.73702049
01/04/2016,14.40664005,20.64956093
04/04/2016,14.22655678,20.39592552
05/04/2016,13.80636311,20.18601608
06/04/2016,14.10650063,20.36094284
07/04/2016,13.81386757,20.1335392
08/04/2016,13.95643425,20.55335426
11/04/2016,13.96393967,20.74576759
12/04/2016,14.3991375,21.23555183
13/04/2016,14.62424183,21.32301331
14/04/2016,14.7743082,21.27053452
15/04/2016,14.91687489,21.20056343
18/04/2016,15.10446358,21.38423157
19/04/2016,15.33707142,21.84777641
20/04/2016,15.35207558,21.97022247
21/04/2016,15.25453186,21.80404282
22/04/2016,15.20200825,21.91774368
25/04/2016,15.11946964,21.76905823
26/04/2016,15.23202229,21.91774368
27/04/2016,14.86435318,22.02269745
28/04/2016,14.90937233,22.09266663
29/04/2016,14.95439148,22.21511269
02/05/2016,15.06694508,22.08391762
03/05/2016,14.8793602,21.54166031
04/05/2016,14.64675331,21.13059425
05/05/2016,14.63924694,21.12184906
06/05/2016,14.6092329,21.14808846
09/05/2016,14.53419971,20.81573105
10/05/2016,14.85684681,21.20056343
11/05/2016,14.80432415,21.28802681
12/05/2016,14.76680756,21.34924889
13/05/2016,14.55670929,21.11310005
16/05/2016,14.78931713,21.42796135
17/05/2016,14.76680756,21.47169495
18/05/2016,14.57922459,21.16558075
19/05/2016,14.53419971,21.0081501
20/05/2016,14.59422779,21.13059425
23/05/2016,14.49668407,21.09561348
24/05/2016,14.53419971,21.13059425
25/05/2016,14.62424183,21.52417183
26/05/2016,14.67676449,21.62912369
27/05/2016,14.69177246,21.62912369
31/05/2016,14.59422779,21.41047287
01/06/2016,14.57171822,21.46294594
02/06/2016,14.45916557,21.52417183
03/06/2016,14.73679352,21.90899658
06/06/2016,14.90187073,22.2063694
07/06/2016,15.05193806,22.4337635
08/06/2016,15.14948463,22.45125771
09/06/2016,14.95439148,22.28507805
10/06/2016,14.57922459,21.90899658
13/06/2016,14.44415951,21.77780724
14/06/2016,14.31659794,21.49793243
15/06/2016,14.32410145,21.42796135
16/06/2016,14.21905422,21.32301331
17/06/2016,14.33911133,21.49793243
20/06/2016,14.69927788,21.79530144
21/06/2016,14.80432415,21.81279373
22/06/2016,14.80888844,21.72993088
23/06/2016,15.21982765,22.08254242
24/06/2016,14.39795494,21.28034019
27/06/2016,13.97180176,20.82194328
28/06/2016,14.36751652,21.13929367
29/06/2016,14.55015469,21.48309898
30/06/2016,14.80128288,21.60651398
01/07/2016,14.86976814,21.88860321
05/07/2016,14.57298279,21.66822052
06/07/2016,14.74800968,21.80044746
07/07/2016,14.64147186,21.58888054
08/07/2016,14.99913597,21.7211132
11/07/2016,15.15133762,21.73874283
12/07/2016,15.42529392,22.10017395
13/07/2016,15.40246487,22.17069626
14/07/2016,15.56227493,22.39989662
15/07/2016,15.50900459,22.2852993
18/07/2016,15.58510208,22.37345314
19/07/2016,15.37963295,22.21477318
20/07/2016,15.46333981,22.21477318
21/07/2016,15.47856426,22.16188049
22/07/2016,15.46333981,22.1354332
25/07/2016,15.50900459,21.85334396
26/07/2016,15.63837147,22.00320625
27/07/2016,15.63075924,21.99439049
28/07/2016,15.68403053,22.02083206
29/07/2016,15.89710808,22.25003433
01/08/2016,15.72208118,21.97675705
02/08/2016,15.70686245,21.95030975
03/08/2016,15.64598083,22.12662125
04/08/2016,15.72208118,22.15305901
05/08/2016,15.83623219,22.1354332
08/08/2016,15.91993809,22.32937431
09/08/2016,16.00364494,22.46160316
10/08/2016,16.01125717,22.50568008
11/08/2016,16.05691719,22.76132774
12/08/2016,15.87428093,22.68198776
15/08/2016,15.98081875,22.79659081
16/08/2016,15.97320652,22.82303429
17/08/2016,15.97320652,22.79659081
18/08/2016,15.98081875,22.95526695
19/08/2016,15.83623219,22.80540085
22/08/2016,15.85144997,22.73488235
23/08/2016,15.95037746,22.86711311
24/08/2016,15.95037746,22.68198776
25/08/2016,15.94276714,22.64673042
26/08/2016,15.7296896,22.56739044
29/08/2016,15.71446705,22.61146355
30/08/2016,15.57749081,22.50568008
31/08/2016,15.38724327,22.31174469
01/09/2016,15.47095299,22.47042084
02/09/2016,15.47856426,22.79659081
06/09/2016,15.75252151,23.06986618
07/09/2016,15.71446705,22.98171234
08/09/2016,15.53944302,22.93763542
09/09/2016,15.0447979,22.34700584
12/09/2016,15.18938541,22.4263401
13/09/2016,14.6719141,21.83571053
14/09/2016,14.79367447,21.81808281
15/09/2016,15.07523918,22.11780357
16/09/2016,15.06001759,21.95912933
19/09/2016,15.12089825,22.03846741
20/09/2016,15.21221733,22.05609703
21/09/2016,15.55466461,22.51449966
22/09/2016,15.65359116,22.71724892
23/09/2016,15.63075924,22.41753387
26/09/2016,15.61554146,22.21477318
27/09/2016,15.78296089,22.19714355
28/09/2016,15.96559811,22.63791084
29/09/2016,15.78296089,22.57620621
30/09/2016,15.9047184,22.64673042
03/10/2016,15.93515873,22.60264969
04/10/2016,15.81339931,22.24122047
05/10/2016,15.9047184,22.43515778
06/10/2016,15.91233063,22.34700584
07/10/2016,15.85144997,22.16188049
10/10/2016,15.97320652,22.39989662
11/10/2016,15.66881275,22.2324028
12/10/2016,15.77534962,22.27648544
13/10/2016,15.7296896,22.37345314
14/10/2016,15.75252151,22.40871429
17/10/2016,15.70686245,22.47042084
18/10/2016,15.9047184,22.69080544
19/10/2016,16.02647972,22.84947968
20/10/2016,15.8666687,22.69080544
21/10/2016,15.77534962,22.65554619
24/10/2016,15.74491119,22.54975891
25/10/2016,15.87428093,22.53212547
26/10/2016,15.68403053,22.45278931
27/10/2016,15.41768551,22.48805046
28/10/2016,15.34158421,22.43515778
31/10/2016,15.43290329,22.34700584
01/11/2016,15.37202644,22.37345314
02/11/2016,15.21221733,22.12662125
03/11/2016,15.26548576,22.10017395
04/11/2016,15.14372444,21.97675705
07/11/2016,15.58510208,22.25884438
08/11/2016,15.73730087,22.39989662
09/11/2016,15.62315273,22.43515778
10/11/2016,15.59271336,22.30292702
11/11/2016,15.54705143,21.90623474
14/11/2016,15.58510208,21.9414959
15/11/2016,15.64598083,22.36463547
16/11/2016,15.34158421,22.32055664
17/11/2016,15.37202644,22.40871429
18/11/2016,15.24265575,22.44397354
21/11/2016,15.37202644,22.90237236
22/11/2016,15.53944302,22.90237236
23/11/2016,15.68403053,22.85829926
25/11/2016,15.85144997,22.81421661
28/11/2016,15.79056931,22.83185387
29/11/2016,15.81339931,22.78777695
30/11/2016,15.55466461,22.92881966
01/12/2016,15.72208118,23.01697731
02/12/2016,15.74491119,23.12276077
05/12/2016,15.77534962,23.20209503
06/12/2016,15.79056931,23.23735809
07/12/2016,16.01125717,23.49300575
08/12/2016,16.05691719,23.67812729
09/12/2016,16.09496689,23.7486496
12/12/2016,16.13301849,23.80154228
13/12/2016,16.22433472,23.95140648
14/12/2016,15.91993809,23.4312973
15/12/2016,15.81339931,23.38722038
16/12/2016,15.65359116,23.44011307
19/12/2016,15.62315273,23.30788231
20/12/2016,15.77534962,23.4312973
21/12/2016,15.76753521,23.41616058
22/12/2016,15.78316307,23.33602905
23/12/2016,15.66596031,23.21138
27/12/2016,15.73628139,23.21138
28/12/2016,15.79879093,23.16686249
29/12/2016,15.9238081,23.30041695
30/12/2016,15.80660152,23.28260612
03/01/2017,16.08789063,23.41616058
04/01/2017,16.29103851,23.80791473
05/01/2017,16.44730568,23.98598671
06/01/2017,16.36135864,23.94146347
09/01/2017,16.54106903,23.77230263
10/01/2017,16.57231712,23.80791473
11/01/2017,16.74421501,24.03050041
12/01/2017,16.81453896,24.03940201
13/01/2017,16.74421501,24.15515137
17/01/2017,16.70515251,24.18185997
18/01/2017,16.56451035,23.78120232
19/01/2017,16.63482857,23.7010746
20/01/2017,16.63482857,23.88804626
23/01/2017,16.58794594,23.87914276
24/01/2017,16.7129631,24.30650902
25/01/2017,16.76765442,24.5201931
26/01/2017,16.67389679,24.45786858
27/01/2017,16.7207756,24.27089691
30/01/2017,16.58794594,24.04830742
31/01/2017,16.59576416,24.19966698
01/02/2017,16.68170929,24.12843895
02/02/2017,16.85360718,24.19076538
03/02/2017,16.86923409,24.27980042
06/02/2017,16.7129631,24.11063385
07/02/2017,16.67389679,24.03940201
08/02/2017,16.75984764,24.12843895
09/02/2017,16.84579086,24.29760551
10/02/2017,17.07238007,24.56471062
13/02/2017,17.15833092,24.64484596
14/02/2017,17.17395782,24.72497368
15/02/2017,17.40836143,24.7783947
16/02/2017,17.40836143,24.7872982
17/02/2017,17.37710571,24.73387527
21/02/2017,17.44742775,24.7783947
22/02/2017,17.47868538,24.64484596
23/02/2017,17.47868538,24.57361794
24/02/2017,17.25209236,24.2352829
27/02/2017,17.23646355,24.19076538
28/02/2017,17.1505127,23.76340103
01/03/2017,17.34585381,23.93256187
02/03/2017,17.1505127,23.75449181
03/03/2017,17.17395782,23.89694977
06/03/2017,17.12707329,23.93256187
07/03/2017,17.19740105,23.88804626
08/03/2017,17.0802002,23.59423256
09/03/2017,17.0802002,23.59423256
10/03/2017,17.22865105,23.62094116
13/03/2017,17.28334618,23.7366848
14/03/2017,17.16614532,23.4339695
15/03/2017,17.69746017,23.90584946
16/03/2017,17.54118729,23.92366219
17/03/2017,17.57244301,23.78120232
20/03/2017,17.60369873,23.6921711
21/03/2017,17.36148071,23.42506027
22/03/2017,17.26771736,23.56752205
23/03/2017,17.20520782,23.65655136
24/03/2017,17.32241249,23.62094116
27/03/2017,17.32241249,23.7010746
28/03/2017,17.57244301,23.88804626
29/03/2017,17.77559471,24.07501793
30/03/2017,17.79903603,23.93256187
31/03/2017,17.66620445,23.93256187
03/04/2017,17.61151123,23.84352875
04/04/2017,17.56463051,23.93256187
05/04/2017,17.54118729,23.83462334
06/04/2017,17.51774788,23.95927429
07/04/2017,17.43180084,23.92366219
10/04/2017,17.49430847,24.12843895
11/04/2017,17.61932182,24.10172844
12/04/2017,17.57244301,24.08392143
13/04/2017,17.52556229,23.76340103
17/04/2017,17.62713432,24.06611824
18/04/2017,17.39273643,23.86133575
19/04/2017,17.22083664,23.58532524
20/04/2017,17.40054893,23.7277832
21/04/2017,17.44742775,23.65655136
24/04/2017,17.63494873,23.87023735
25/04/2017,17.67401695,23.84352875
26/04/2017,17.50993347,23.58532524
27/04/2017,17.50211906,23.33602905
28/04/2017,17.54899979,23.38054657
01/05/2017,17.72089767,23.34493446
02/05/2017,17.70526886,23.34493446
03/05/2017,17.31459999,23.26480103
04/05/2017,17.18958664,22.97988892
05/05/2017,17.26771736,23.40725708
08/05/2017,17.15833092,23.4339695
09/05/2017,16.94736862,23.26480103
10/05/2017,17.09582329,23.47848701
11/05/2017,17.07238007,23.28260612
12/05/2017,16.99424744,23.24699593
15/05/2017,17.11144638,23.47848701
16/05/2017,17.19740105,23.45177269
17/05/2017,16.75984764,22.97098541
18/05/2017,16.79891014,22.97988892
19/05/2017,16.94736862,23.39835548
22/05/2017,17.07238007,23.53190804
23/05/2017,17.07238007,23.49629021
24/05/2017,17.09582329,23.51410103
25/05/2017,17.04112625,23.42506027
26/05/2017,16.93174171,23.48738861
30/05/2017,16.84579086,23.40725708
31/05/2017,16.79109955,23.29151154
01/06/2017,16.75984764,23.46068001
02/06/2017,16.97080612,23.45177269
05/06/2017,16.97862053,23.46068001
06/06/2017,16.79109955,23.58532524
07/06/2017,16.79109955,23.30931854
08/06/2017,16.86923409,23.41616058
09/06/2017,16.85360718,23.60313797
12/06/2017,16.83797836,23.66545868
13/06/2017,17.20520782,23.81682014
14/06/2017,17.36929131,23.52300262
15/06/2017,17.23646355,23.4339695
16/06/2017,17.31459999,23.63875008
19/06/2017,17.37710571,23.70997429
20/06/2017,17.05782127,23.42723274
21/06/2017,16.89019585,23.31952095
22/06/2017,16.9301033,23.57084656
23/06/2017,17.04983711,23.6606102
26/06/2017,17.06580544,23.72344208
27/06/2017,17.00992584,23.82217789
28/06/2017,17.36912155,24.20814133
29/06/2017,17.40105057,24.04657745
30/06/2017,17.30526543,24.01964569
03/07/2017,17.22544861,24.18121529
05/07/2017,17.30526543,24.01964569
06/07/2017,17.14562416,23.92091179
07/07/2017,17.14562416,24.01964569
10/07/2017,17.18553734,24.14531136
11/07/2017,17.22544861,24.12735748
12/07/2017,17.29728508,24.49537277
13/07/2017,17.4808712,24.5312767
14/07/2017,17.76823425,24.72874641
17/07/2017,17.70437241,24.62103844
18/07/2017,17.76024628,24.71977234
19/07/2017,18.07953262,24.94417381
20/07/2017,18.12742424,25.00700378
21/07/2017,17.87199974,24.95314407
24/07/2017,17.87998009,24.97109795
25/07/2017,18.07155228,25.07880783
26/07/2017,18.26312065,25.11471367
27/07/2017,18.16733742,24.92621994
28/07/2017,18.05558586,25.0429039
31/07/2017,18.11944199,25.0429039
01/08/2017,18.18330383,24.98007393
02/08/2017,18.12742424,25.0429039
03/08/2017,17.98374939,24.92621994
04/08/2017,17.99971199,24.92621994
07/08/2017,18.03962708,24.89929199
08/08/2017,17.95980072,24.86338615
09/08/2017,17.9119091,24.72874641
10/08/2017,17.70437241,24.38765907
11/08/2017,17.75226784,24.42356491
14/08/2017,17.83208656,24.50434685
15/08/2017,17.78419495,24.42356491
16/08/2017,18.19128227,24.60308456
17/08/2017,17.95980072,24.4325428
18/08/2017,18.04760742,24.47742081
21/08/2017,18.0316391,24.51332283
22/08/2017,18.14339066,24.59411049
23/08/2017,18.05558586,24.75567627
24/08/2017,18.02365875,24.80953217
25/08/2017,18.11944199,24.88134193
28/08/2017,18.07953262,24.79157639
29/08/2017,17.95182037,24.81850815
30/08/2017,17.86401558,24.71079636
31/08/2017,18.07953262,25.01597786
01/09/2017,18.21523285,25.23140144
05/09/2017,18.10347939,25.03392792
06/09/2017,18.16733742,25.32115936
07/09/2017,18.27110481,25.47374916
08/09/2017,18.20724678,25.38398933
11/09/2017,18.36689186,25.56351089
12/09/2017,18.48662376,25.58146477
13/09/2017,18.33496475,25.57248688
14/09/2017,18.33496475,25.67122269
15/09/2017,18.27908707,25.6622467
18/09/2017,18.22321129,25.57248688
19/09/2017,18.34294128,25.70712662
20/09/2017,18.30303574,25.75200462
21/09/2017,17.99971199,25.87766647
22/09/2017,18.12742424,25.85972023
25/09/2017,18.07155228,25.88664627
26/09/2017,17.93585396,25.85972023
27/09/2017,17.87199974,25.87766647
28/09/2017,17.84007263,25.9764061
29/09/2017,17.9119091,25.9764061
02/10/2017,17.99173164,25.99435234
03/10/2017,17.9119091,26.10206604
04/10/2017,17.81612015,26.1289959
05/10/2017,17.73630142,26.0212841
06/10/2017,17.73630142,25.98538208
09/10/2017,17.74428177,25.99435234
10/10/2017,17.88796234,26.1289959
11/10/2017,17.93585396,26.2815876
12/10/2017,18.06357193,26.19182777
13/10/2017,18.32697678,26.26363373
16/10/2017,18.35092354,26.18284988
17/10/2017,18.41478348,26.17387772
18/10/2017,18.41478348,26.2815876
19/10/2017,18.44671249,26.32646561
20/10/2017,18.44671249,26.12001991
23/10/2017,18.33496475,26.05718803
24/10/2017,18.35891151,26.06616402
25/10/2017,18.11146355,25.77893448
26/10/2017,18.11146355,25.71610451
27/10/2017,18.19926643,25.87766647
30/10/2017,18.16733742,25.95845222
31/10/2017,18.11944199,25.84176636
01/11/2017,18.20724678,25.93152428
02/11/2017,18.34294128,26.00333405
03/11/2017,18.23917389,26.1289959
06/11/2017,18.31101799,26.32646561
07/11/2017,18.27908707,26.27260971
08/11/2017,18.45469475,26.34441757
09/11/2017,18.4946022,26.39827156
10/11/2017,18.4946022,26.31749153
13/11/2017,18.36689186,26.20977974
14/11/2017,18.15935516,26.03923798
15/11/2017,18.10347939,25.94050217
16/11/2017,18.22321129,26.04821396
17/11/2017,18.06357193,26.07514191
20/11/2017,18.10347939,26.06616402
21/11/2017,18.21523285,26.19182777
22/11/2017,18.31101799,26.38032341
24/11/2017,18.30303574,26.39827156
27/11/2017,18.22321129,26.17387772
28/11/2017,18.32697678,26.09308815
29/11/2017,18.22321129,25.90460014
30/11/2017,18.17532158,25.9764061
01/12/2017,18.23917389,26.36236954
04/12/2017,18.11944199,26.21875191
05/12/2017,18.08751678,26.14694595
06/12/2017,18.03962708,25.94947815
07/12/2017,18.0316391,26.06616402
08/12/2017,18.08751678,26.15592194
11/12/2017,18.12742424,26.17387772
12/12/2017,18.22321129,26.20977974
13/12/2017,18.4946022,26.2815876
14/12/2017,18.44671249,26.20080185
15/12/2017,18.47065926,26.03025818
18/12/2017,18.5983696,26.20080185
19/12/2017,18.56483841,26.17262268
20/12/2017,18.56483841,26.28171349
21/12/2017,18.69569778,26.4998951
22/12/2017,18.78565598,26.51807404
26/12/2017,18.78565598,26.59988976
27/12/2017,18.88379669,26.70898056
28/12/2017,18.96557999,26.92716408
29/12/2017,18.94922066,26.94534492
02/01/2018,19.0718956,27.19079971
03/01/2018,19.19457054,27.29079819
04/01/2018,19.26817894,27.48170662
05/01/2018,19.38267517,27.581707
08/01/2018,19.27635574,27.49079514
09/01/2018,19.30089378,27.41806793
10/01/2018,19.13732147,27.1453476
11/01/2018,19.25182152,27.28170776
12/01/2018,19.35813904,27.37261391
16/01/2018,19.18639374,27.48170662
17/01/2018,19.29271126,27.5453434
18/01/2018,19.30907059,27.48170662
19/01/2018,19.34996033,27.39988899
22/01/2018,19.37449837,27.50897789
23/01/2018,19.41538811,27.57261658
24/01/2018,19.52988625,27.6544323
25/01/2018,19.47263718,27.45443726
26/01/2018,19.71798897,27.56352234
29/01/2018,19.5789547,27.30898094
30/01/2018,19.42357063,27.13625336
31/01/2018,19.43992424,27.16352463
01/02/2018,19.52988625,27.07261848
02/02/2018,19.2354641,26.3271637
05/02/2018,18.58937645,25.59080505
06/02/2018,18.76930237,25.69989586
07/02/2018,18.37673759,25.50898743
08/02/2018,17.86150551,24.92717361
09/02/2018,18.09049606,24.97262764
12/02/2018,18.37673759,25.2817173
13/02/2018,18.48305893,25.29989815
14/02/2018,18.81019211,25.65443993
15/02/2018,18.94922066,25.81807709
16/02/2018,18.79383087,25.69989586
20/02/2018,18.74476242,25.56353569
21/02/2018,18.69569778,25.59989548
22/02/2018,18.84290504,25.54535103
23/02/2018,18.99011612,25.87262154
26/02/2018,19.19457054,25.9998951
27/02/2018,18.8919735,25.75444031
28/02/2018,18.66298294,25.26353836
01/03/2018,18.540308,25.09990311
02/03/2018,18.59755516,24.98171616
05/03/2018,18.67933464,25.05444527
06/03/2018,18.82654762,25.21808243
07/03/2018,18.70387459,25.11808014
08/03/2018,18.72840691,25.21808243
09/03/2018,19.0637207,25.47262383
12/03/2018,19.05554199,25.45444489
13/03/2018,18.81019211,25.2453537
14/03/2018,18.8919735,25.32717133
15/03/2018,18.68751717,25.19080734
16/03/2018,18.62208939,25.15444183
19/03/2018,18.47488022,24.99990082
20/03/2018,18.40945244,25.09080887
21/03/2018,18.59755516,25.47262383
22/03/2018,18.12321091,24.96353531
23/03/2018,17.88603783,24.71808052
26/03/2018,18.20499611,24.89080811
27/03/2018,17.85332298,24.7089901
28/03/2018,17.86150551,24.61808395
29/03/2018,18.00871277,25.05444527
02/04/2018,17.6979351,24.69989967
03/04/2018,17.90239143,24.85444641
04/04/2018,18.02507019,24.93626404
05/04/2018,18.04142761,25.27262306
06/04/2018,17.83696747,24.99990082
09/04/2018,18.04142761,25.1726265
10/04/2018,18.36855888,25.4271698
11/04/2018,18.24588585,25.46353149
12/04/2018,18.30313492,25.46353149
13/04/2018,18.30313492,25.40898895
16/04/2018,18.38491631,25.51807976
17/04/2018,18.40945244,25.67262268
18/04/2018,18.51577187,25.79989433
19/04/2018,18.31949234,25.59989548
20/04/2018,18.1313858,25.49080658
23/04/2018,18.13956833,25.39989471
24/04/2018,18.13956833,25.34535217
25/04/2018,18.10685539,25.36353302
26/04/2018,18.19681549,25.5362587
27/04/2018,18.30313492,25.6453495
30/04/2018,18.14774704,25.5726223
01/05/2018,18.23770332,25.5726223
02/05/2018,18.39309883,25.5362587
03/05/2018,18.56483841,25.55444336
04/05/2018,18.58937645,25.73626137
07/05/2018,18.49123573,25.80898857
08/05/2018,18.40945244,25.78171349
09/05/2018,18.49123573,26.05444336
10/05/2018,18.71204948,26.39989471
11/05/2018,18.68751717,26.38171196
14/05/2018,18.72840691,26.52716446
15/05/2018,18.49941444,26.4362545
16/05/2018,18.67115974,26.57262039
17/05/2018,18.69569778,26.65443802
18/05/2018,18.56483841,26.49080086
21/05/2018,18.80201149,26.73625374
22/05/2018,18.67115974,26.59988976
23/05/2018,18.57301712,26.51807404
24/05/2018,18.59755516,26.33625793
25/05/2018,18.48305893,26.1453495
29/05/2018,18.22952843,25.75444031
30/05/2018,18.63027,26.24534988
31/05/2018,18.45852089,26.12717056
01/06/2018,18.58119774,26.09080505
04/06/2018,18.69569778,25.61808014
05/06/2018,18.61391258,26.1817112
06/06/2018,18.8756218,26.30898476
07/06/2018,18.72840691,26.29080391
08/06/2018,18.7202301,26.40898514
11/06/2018,18.81837082,26.39989471
12/06/2018,18.57301712,26.37262154
13/06/2018,18.54848671,26.40898514
14/06/2018,18.37673759,26.33625793
15/06/2018,18.39309883,26.09080505
18/06/2018,18.54848671,26.19989395
19/06/2018,18.40008163,25.8920517
20/06/2018,18.58350182,26.03864098
21/06/2018,18.65019798,25.87372208
22/06/2018,18.91698837,26.12109947
25/06/2018,18.53347588,25.63550949
26/06/2018,18.66687012,25.82791519
27/06/2018,18.50013161,25.61718559
28/06/2018,18.75024414,25.76378059
29/06/2018,18.85028839,26.12109947
02/07/2018,18.60017586,25.98366928
03/07/2018,18.70022011,26.05696678
05/07/2018,18.90031433,26.12109947
06/07/2018,19.15876198,26.36848068
09/07/2018,19.31716728,26.50590706
10/07/2018,19.20878601,26.67998886
11/07/2018,18.74190521,26.31350327
12/07/2018,19.10040474,26.62501335
13/07/2018,19.03370667,26.63417625
16/07/2018,18.90864754,26.56088257
17/07/2018,18.83361435,26.50590706
18/07/2018,18.94199944,26.46009445
19/07/2018,18.83361435,26.41428566
20/07/2018,19.04204369,26.47842407
23/07/2018,18.85862732,26.36848068
24/07/2018,19.06705475,26.44177628
25/07/2018,19.1254158,26.67998886
26/07/2018,18.93366051,26.68914986
27/07/2018,19.04204369,26.60669136
30/07/2018,19.02536964,26.63417625
31/07/2018,19.10874176,26.76244736
01/08/2018,18.95033455,26.67082596
02/08/2018,18.8919735,26.75328636
03/08/2018,18.94199944,26.78993416
06/08/2018,18.93366051,26.88155556
07/08/2018,18.99202347,26.44177628
08/08/2018,19.09206581,26.55171585
09/08/2018,19.05038071,26.67998886
10/08/2018,18.74190521,26.36848068
13/08/2018,18.63352585,26.27685547
14/08/2018,18.70855904,26.55171585
15/08/2018,18.68354416,26.07528687
16/08/2018,18.91698837,26.17607307
17/08/2018,19.17543793,26.52423286
20/08/2018,19.19211388,26.52423286
21/08/2018,19.01703262,26.46009445
22/08/2018,18.96700859,26.65250397
23/08/2018,18.60851097,26.42344856
24/08/2018,18.7752552,26.56088257
27/08/2018,18.95867348,26.86322784
28/08/2018,18.95033455,26.77160645
29/08/2018,19.13375473,26.86322784
30/08/2018,18.93366051,26.72579956
31/08/2018,18.75024414,26.38679886
04/09/2018,18.5418148,25.95618248
05/09/2018,18.3834095,25.91953659
06/09/2018,18.1916523,25.90120888
07/09/2018,17.89151382,25.80042839
10/09/2018,18.01657295,25.77294159
11/09/2018,18.06659889,25.93786049
12/09/2018,18.25001526,26.05696678
13/09/2018,18.25001526,26.02947998
14/09/2018,18.2250042,25.96534729
17/09/2018,18.25001526,26.05696678
18/09/2018,18.45010757,26.39596367
19/09/2018,18.53347588,26.45093727
20/09/2018,18.65019798,26.58836555
21/09/2018,18.59183693,26.61585426
24/09/2018,18.51680183,26.50590706
25/09/2018,18.55015373,26.39596367
26/09/2018,18.52513885,26.29518127
27/09/2018,18.44176674,26.35931778
28/09/2018,18.44176674,26.36848068
01/10/2018,18.41675758,26.67998886
02/10/2018,18.19999313,26.46009445
03/10/2018,18.09160614,26.52423286
04/10/2018,17.9915638,26.29518127
05/10/2018,17.91653061,26.13942719
08/10/2018,17.79146957,26.04780579
09/10/2018,17.72477531,26.00199127
10/10/2018,17.34960365,25.19573212
11/10/2018,17.07447815,24.85673332
12/10/2018,17.16618538,24.98500252
15/10/2018,17.19953346,24.99416351
16/10/2018,17.46632576,25.37896919
17/10/2018,17.42463684,25.2048893
18/10/2018,17.26622772,24.82924843
19/10/2018,17.43297577,24.91170311
22/10/2018,17.26622772,24.86589432
23/10/2018,17.08281517,24.66432953
24/10/2018,16.68263245,24.14208984
25/10/2018,16.74932861,24.15125465
26/10/2018,16.64094543,24.05963326
29/10/2018,16.59925842,23.77560806
30/10/2018,17.03279114,24.12376404
31/10/2018,17.17452049,24.28868484
01/11/2018,17.44964981,24.54522514
02/11/2018,17.4079628,24.49941444
05/11/2018,17.47465706,24.63684082
06/11/2018,17.6414032,24.70097351
07/11/2018,17.88317871,24.85673332
08/11/2018,17.82481766,24.74678802
09/11/2018,17.67475319,24.53606033
12/11/2018,17.55803108,24.28868484
13/11/2018,17.53302002,24.26119995
14/11/2018,17.33292961,24.33449554
15/11/2018,17.46632576,24.45360184
16/11/2018,17.524683,24.50857544
19/11/2018,17.19119644,24.32533073
20/11/2018,16.866045,23.75728416
21/11/2018,17.18286133,24.29784584
23/11/2018,17.15784836,23.96800995
26/11/2018,17.34960365,24.15125465
27/11/2018,17.34126472,23.95884705
28/11/2018,17.6080513,24.36198044
29/11/2018,17.524683,24.39862823
30/11/2018,17.34126472,24.40779114
03/12/2018,17.6414032,24.65516663
04/12/2018,17.16618538,24.22455025
06/12/2018,17.03279114,23.76644707
07/12/2018,16.93274498,23.63817596
10/12/2018,16.70763969,23.39996338
11/12/2018,16.84103584,23.30833817
12/12/2018,17.00777626,23.56487846
13/12/2018,16.99944305,23.51906967
14/12/2018,16.70763969,23.24420547
17/12/2018,16.70763969,22.7769413
18/12/2018,16.71197128,22.77601051
19/12/2018,16.52147484,22.50586128
20/12/2018,16.33963203,22.29161072
21/12/2018,15.95863628,21.82584381
24/12/2018,15.94997311,21.51843834
26/12/2018,16.49549484,22.18914032
27/12/2018,16.54744911,22.08667564
28/12/2018,16.66867447,22.2170887
31/12/2018,16.66867447,22.31955338
02/01/2019,16.53879356,22.52449608
03/01/2019,16.41756058,22.38476563
04/01/2019,16.99772072,22.9623127
07/01/2019,17.0496769,23.21382713
08/01/2019,17.17956161,23.46534348
09/01/2019,17.42201614,23.903162
10/01/2019,17.49994659,24.00563431
11/01/2019,17.49994659,23.95905685
14/01/2019,17.4306736,24.05220985
15/01/2019,17.5432415,24.18262482
16/01/2019,17.58653641,24.25714874
17/01/2019,17.75105858,24.45276833
18/01/2019,17.82033157,24.61112976
22/01/2019,17.37871742,24.36893082
23/01/2019,17.45664978,24.32235527
24/01/2019,17.46530914,24.46208382
25/01/2019,17.77703667,24.79743767
28/01/2019,17.69044495,24.75086021
29/01/2019,17.62983131,24.89990616
30/01/2019,17.91558075,25.11416054
31/01/2019,17.82899094,25.19799614
01/02/2019,17.80301094,25.27252007
04/02/2019,17.95021439,25.3377285
05/02/2019,18.24462318,25.48677444
06/02/2019,18.0368042,25.3377285
07/02/2019,18.02814674,25.16073418
08/02/2019,17.99351311,25.10484314
11/02/2019,17.94155693,24.87195778
12/02/2019,18.12339783,25.16073418
13/02/2019,17.95887566,25.11416054
14/02/2019,17.96753311,25.19799614
15/02/2019,18.25328445,25.53334808
19/02/2019,18.36584663,25.7196579
20/02/2019,18.30523872,25.9804821
21/02/2019,18.22730637,25.85007286
22/02/2019,18.43512344,25.98980141
25/02/2019,18.53037071,25.97117043
26/02/2019,18.53037071,26.01774788
27/02/2019,18.45244026,26.0829525
28/02/2019,18.42646408,25.94322395
01/03/2019,18.5563488,25.82212448
04/03/2019,18.46109772,25.75691795
05/03/2019,18.52171516,25.73828506
06/03/2019,18.53903198,25.59855461
07/03/2019,18.48707962,25.45882797
08/03/2019,18.40914726,25.44950867
11/03/2019,18.57366753,25.67307854
12/03/2019,18.45244026,25.80349731
13/03/2019,18.54768944,25.94322395
14/03/2019,18.49573517,25.83143806
15/03/2019,18.57366753,25.85938644
18/03/2019,18.63428116,26.04569054
19/03/2019,18.56501007,26.02706337
20/03/2019,18.57366753,25.9991169
21/03/2019,18.68623543,25.95254135
22/03/2019,18.38316536,25.55197906
25/03/2019,18.46975899,25.54266357
26/03/2019,18.5563488,25.72896957
27/03/2019,18.36584663,25.6265049
28/03/2019,18.50439644,25.69171143
29/03/2019,18.63428116,25.74759865
01/04/2019,18.84210014,26.0829525
02/04/2019,18.74684715,26.0829525
03/04/2019,18.90271378,26.11089897
04/04/2019,18.72953224,26.12952995
05/04/2019,18.64294243,26.22268677
08/04/2019,18.76416779,26.41831017
09/04/2019,18.66891479,26.25994682
10/04/2019,18.79880524,26.37172699
11/04/2019,18.74684715,26.32515335
12/04/2019,18.92869186,26.53940582
15/04/2019,18.88539505,26.53940582
16/04/2019,18.98064423,26.56735229
17/04/2019,18.9633255,26.67913437
18/04/2019,18.98064423,26.69776917
22/04/2019,18.95466614,26.69776917
23/04/2019,19.0325985,26.69776917
24/04/2019,18.93734932,26.43693733
25/04/2019,18.94600868,26.40899277
26/04/2019,18.98930168,26.51145935
29/04/2019,18.9633255,26.56735229
30/04/2019,18.85076141,26.59529686
01/05/2019,18.78148651,26.40899277
02/05/2019,18.75550842,26.24131393
03/05/2019,18.90271378,26.43693733
06/05/2019,18.72087479,26.39967728
07/05/2019,18.53037071,26.11089897
08/05/2019,18.53037071,26.14816093
09/05/2019,18.57366753,26.0829525
10/05/2019,18.79880524,26.06432343
13/05/2019,18.41780472,25.73828506
14/05/2019,18.4004879,25.95254135
15/05/2019,18.53903198,26.03638268
16/05/2019,18.69489288,26.22268677
17/05/2019,18.54768944,26.15747643
20/05/2019,18.94600868,26.07364082
21/05/2019,19.11052895,26.31583977
22/05/2019,19.10186958,26.1015873
23/05/2019,18.98064423,25.72896957
24/05/2019,19.07589149,25.92459297
28/05/2019,18.95466614,25.87801743
29/05/2019,18.85076141,25.63581848
30/05/2019,18.88539505,25.56129456
31/05/2019,18.87673569,25.45882797
03/06/2019,18.79880524,25.52403259
04/06/2019,19.08455276,25.89664459
05/06/2019,19.00662231,25.92459297
06/06/2019,19.12784767,26.0829525
07/06/2019,19.35298538,26.22268677
10/06/2019,19.35298538,26.26926422
11/06/2019,19.55214119,26.26926422
12/06/2019,19.35298538,26.0829525
13/06/2019,19.36164474,26.17610741
14/06/2019,19.2317543,26.1015873
17/06/2019,19.15489006,26.17960739
18/06/2019,19.44645309,26.54621506
19/06/2019,19.57014847,26.74361992
20/06/2019,19.79102898,27.04442978
21/06/2019,19.67617226,26.87522316
24/06/2019,19.8175354,26.93162346
25/06/2019,19.74685478,26.7342205
26/06/2019,19.82637215,26.76242256
27/06/2019,19.95890045,26.77182198
28/06/2019,19.91472435,26.90342331
01/07/2019,19.87938118,26.96922493
02/07/2019,19.87054825,27.02562714
03/07/2019,20.117939,27.26063156
05/07/2019,20.12677193,27.223032
08/07/2019,19.87054825,27.07262611
09/07/2019,19.79986191,27.15722847
10/07/2019,19.87938118,27.23243141
11/07/2019,19.94123077,27.25123405
12/07/2019,19.97657013,27.25123405
15/07/2019,20.00307655,27.24182892
16/07/2019,19.87054825,27.17602921
17/07/2019,19.95890045,27.13842964
18/07/2019,20.06492233,27.23243141
19/07/2019,20.1002636,27.10083008
22/07/2019,20.06492233,27.10083008
23/07/2019,20.1444416,27.10083008
24/07/2019,20.15327644,27.18542862
25/07/2019,20.08259392,26.92222404
26/07/2019,20.03841591,26.97862816
29/07/2019,20.13560486,26.93162346
30/07/2019,19.95890045,26.86582184
31/07/2019,19.79986191,26.68721771
01/08/2019,19.69384193,26.54621506
02/08/2019,19.61432648,26.37701035
05/08/2019,18.89866829,25.88820076
06/08/2019,18.76613808,25.98220253
07/08/2019,18.77497292,26.16080666
08/08/2019,19.09304237,26.51801491
09/08/2019,18.98702049,26.48041344
12/08/2019,18.83681679,26.2360096
13/08/2019,19.08420944,26.48041344
14/08/2019,18.63360786,25.77539825
15/08/2019,18.56292534,25.71899796
16/08/2019,18.75729752,26.05740356
19/08/2019,18.82798386,26.21720695
20/08/2019,18.88983154,26.03860474
21/08/2019,18.91633797,26.28300858
22/08/2019,18.85449028,26.17960739
23/08/2019,18.62477303,25.77539825
26/08/2019,18.74846649,26.01980209
27/08/2019,18.73079681,26.03860474
28/08/2019,18.78380775,26.18900871
29/08/2019,18.94284439,26.45221138
30/08/2019,19.15489006,26.49921417
03/09/2019,19.05770111,26.31120872
04/09/2019,19.26974678,26.61201668
05/09/2019,19.49946404,26.88462257
06/09/2019,19.64082909,26.91282082
09/09/2019,19.70267868,26.92222404
10/09/2019,19.70267868,27.03502655
11/09/2019,19.79102898,27.09142876
12/09/2019,19.87054825,27.10083008
13/09/2019,19.93239212,27.11022949
16/09/2019,19.87054825,27.24182892
17/09/2019,19.99423981,27.38283539
18/09/2019,19.84403992,27.28883171
19/09/2019,19.89705276,27.41103363
20/09/2019,19.7733593,27.41103363
23/09/2019,19.79102898,27.40163612
24/09/2019,19.72034836,27.29823494
25/09/2019,19.72034836,27.27003288
26/09/2019,19.68500519,27.223032
27/09/2019,19.69384193,27.14782906
30/09/2019,19.65850067,27.16662979
01/10/2019,19.41111374,26.81882477
02/10/2019,18.95167732,26.39581108
03/10/2019,19.0753727,26.39581108
04/10/2019,19.27858162,26.59321785
07/10/2019,19.19906807,26.52741432
08/10/2019,19.05770111,26.28300858
09/10/2019,19.17255783,26.45221138
10/10/2019,19.33159637,26.61201668
11/10/2019,19.56131172,26.83762169
14/10/2019,19.40227699,26.75301743
15/10/2019,19.64966583,26.84702301
16/10/2019,19.72034836,26.85642052
17/10/2019,19.74685478,26.96922493
18/10/2019,19.72034836,26.87522316
21/10/2019,19.88821793,27.07262611
22/10/2019,19.88821793,27.04442978
23/10/2019,19.98540688,27.02562714
24/10/2019,19.99423981,27.08202553
25/10/2019,20.05608749,27.17602921
28/10/2019,20.1444416,27.16662979
29/10/2019,20.09143066,27.119627
30/10/2019,20.07375908,27.10083008
31/10/2019,19.90588951,27.05382919
01/11/2019,20.10910034,27.28883171
04/11/2019,20.04725456,27.48623848
05/11/2019,20.08259392,27.47683716
06/11/2019,19.96773529,27.54263878
07/11/2019,20.17978287,27.67424202
08/11/2019,20.117939,27.69304085
11/11/2019,20.23279381,27.67424202
12/11/2019,20.19745636,27.69304085
13/11/2019,19.98540688,27.7776432
14/11/2019,19.97657013,27.7776432
15/11/2019,20.15327644,27.94684792
18/11/2019,20.09143066,27.97504807
19/11/2019,20.1886158,27.81524467
20/11/2019,19.82637215,27.70244217
21/11/2019,19.79986191,27.75884438
22/11/2019,19.88821793,27.65544128
25/11/2019,19.98540688,27.78704453
26/11/2019,20.04725456,27.84344482
27/11/2019,20.29464149,27.8810463
29/11/2019,20.17094612,27.85284615
02/12/2019,20.08259392,27.67424202
03/12/2019,19.7291832,27.46743584
04/12/2019,19.87938118,27.6648407
05/12/2019,19.84403992,27.63664055
06/12/2019,20.02074623,27.71184349
09/12/2019,19.9235611,27.71184349
10/12/2019,19.8617115,27.71184349
11/12/2019,20.1002636,27.81524467
12/12/2019,20.22395897,27.86224747
13/12/2019,20.20628738,27.89984512
16/12/2019,20.57229614,28.11324501
17/12/2019,20.38298035,28.15135002
18/12/2019,20.3920002,28.14182472
19/12/2019,20.37397003,28.17040253
20/12/2019,20.38298035,28.22756386
23/12/2019,20.40101051,28.22756386
24/12/2019,20.41904068,28.25614357
26/12/2019,20.54525185,28.40857124
27/12/2019,20.50919151,28.39904404
30/12/2019,20.48214912,28.30377579
31/12/2019,20.41002846,28.47525787
02/01/2020,20.50017929,28.56099892
03/01/2020,20.28381729,28.41809654
06/01/2020,20.3920002,28.56099892
07/01/2020,20.36495018,28.58957672
08/01/2020,20.48214912,28.56099892
09/01/2020,20.49116135,28.60863113
10/01/2020,20.59934235,28.58957672
13/01/2020,20.76161575,28.7420063
14/01/2020,20.8878231,28.76105881
15/01/2020,20.98698807,28.91348457
16/01/2020,21.22138023,29.06591225
17/01/2020,21.20335197,29.13259888
21/01/2020,21.03206635,29.14212799
22/01/2020,21.14925766,28.98969841
23/01/2020,21.1312294,29.10401535
24/01/2020,20.95994377,28.9706459
27/01/2020,20.50919151,28.60863113
28/01/2020,20.68047714,28.82774544
29/01/2020,20.59032822,28.67531776
30/01/2020,20.58131218,28.72294998
31/01/2020,20.06745529,28.26566887
03/02/2020,20.11253166,28.21803856
04/02/2020,20.46411705,28.58957672
05/02/2020,20.59032822,28.79916573
06/02/2020,20.62638664,28.93253899
07/02/2020,20.36495018,28.70389748
10/02/2020,20.43707275,28.79916573
11/02/2020,20.58131218,28.98969841
12/02/2020,20.84274864,29.16117859
13/02/2020,20.72555351,29.05638504
14/02/2020,20.77964592,29.16117859
18/02/2020,20.71653748,29.07543945
19/02/2020,20.82472038,29.32313347
20/02/2020,20.66244698,29.28502655
21/02/2020,20.50017929,29.180233
24/02/2020,19.62572289,28.50383759
25/02/2020,19.34625244,27.90365791
26/02/2020,19.10285187,27.62738228
27/02/2020,18.65209961,26.63660622
28/02/2020,18.13824081,26.28412247
02/03/2020,18.4086895,26.83666992
03/03/2020,18.22838974,26.51276016
04/03/2020,18.72421837,26.99862289
05/03/2020,18.17430115,26.57944679
06/03/2020,17.83172989,26.00784683
09/03/2020,15.72221279,22.77830124
10/03/2020,17.07446861,23.34037399
11/03/2020,15.74024105,22.31149101
12/03/2020,13.63072586,19.33916855
13/03/2020,15.55994129,21.43503952
16/03/2020,13.05376148,18.99620819
17/03/2020,14.02738571,18.63419342
18/03/2020,12.36862183,17.73868561
19/03/2020,12.57596684,18.11022758
20/03/2020,12.06210995,17.87205887
23/03/2020,11.55726719,16.81459427
24/03/2020,12.97262764,18.97715569
25/03/2020,13.51352882,20.0822506
26/03/2020,14.13556671,20.7491169
27/03/2020,13.07179356,19.68212891
30/03/2020,14.19867229,20.20609665
31/03/2020,14.0093565,20.81580544
01/04/2020,13.53155994,19.80597687
02/04/2020,13.9823122,20.16799164
03/04/2020,13.36929035,20.01556396
06/04/2020,14.49616814,21.05397224
07/04/2020,14.09049129,21.2063961
08/04/2020,14.20768738,21.66367912
09/04/2020,14.99199486,22.0447464
13/04/2020,14.9379034,22.10190582
14/04/2020,15.45176029,22.31149101
15/04/2020,14.69449711,21.53030586
16/04/2020,14.79366398,21.37787819
17/04/2020,15.17229557,22.27338409
20/04/2020,14.63139343,22.14001465
21/04/2020,13.97329712,21.42551041
22/04/2020,14.59533405,21.93042564
23/04/2020,14.50518322,22.01616669
24/04/2020,14.79366398,22.30196571
27/04/2020,14.97396564,22.67350769
28/04/2020,14.97396564,22.97836304
29/04/2020,15.45176029,23.92150307
30/04/2020,15.36160946,23.1307888
01/05/2020,14.59533405,22.61634827
04/05/2020,14.92888927,22.82593155
05/05/2020,15.07312965,22.98788643
06/05/2020,14.79366398,22.80688095
07/05/2020,15.03706932,22.99741364
08/05/2020,15.25343132,23.39753723
11/05/2020,15.29850578,23.47374725
12/05/2020,14.91987419,23.00694275
13/05/2020,14.86578465,22.41628838
14/05/2020,14.8928299,22.53060532
15/05/2020,15.01904106,22.60682106
18/05/2020,15.68615055,23.44517136
19/05/2020,15.44274426,23.24510956
20/05/2020,15.90251255,23.51185608
21/05/2020,15.65910625,23.23558044
22/05/2020,15.63206291,23.23558044
26/05/2020,16.37129402,23.98818779
27/05/2020,16.56962204,24.22636032
28/05/2020,16.66879082,24.17872238
29/05/2020,16.28114319,23.95008469
01/06/2020,17.08347893,24.4359417
02/06/2020,17.35393143,24.87417221
03/06/2020,17.85877419,25.17902565
04/06/2020,17.83172989,25.05517769
05/06/2020,18.31853867,25.66488457
08/06/2020,18.6250515,25.98879242
09/06/2020,18.30051231,25.7315731
10/06/2020,18.30952454,25.51246071
11/06/2020,16.99333191,24.04534912
12/06/2020,17.30885887,24.46452332
15/06/2020,17.55042648,24.68393517
16/06/2020,17.73343468,24.98226166
17/06/2020,17.70598221,24.7994175
18/06/2020,17.61447906,24.84753227
19/06/2020,17.40402412,24.72243118
22/06/2020,17.79748726,24.98226166
23/06/2020,17.82493782,25.04000092
24/06/2020,17.32166672,24.44335175
25/06/2020,17.4863739,24.69356155
26/06/2020,17.19356346,24.19314575
29/06/2020,17.52297592,24.53958702
30/06/2020,17.63278198,24.90527344
01/07/2020,17.80663681,24.94376755
02/07/2020,18.14519882,25.06887054
06/07/2020,18.16349983,25.22284317
07/07/2020,17.88899231,24.98226166
08/07/2020,17.93474197,25.18435097
09/07/2020,17.76088524,24.92452049
10/07/2020,17.96219254,25.19397545
13/07/2020,17.70598221,25.04000092
14/07/2020,17.97134399,25.52116966
15/07/2020,18.36481094,25.88685799
16/07/2020,18.12690163,25.74250603
17/07/2020,18.22755432,25.86760712
20/07/2020,18.30076027,26.03120804
21/07/2020,18.73997498,26.15631294
22/07/2020,18.69422531,26.28141594
23/07/2020,18.44716263,26.01196098
24/07/2020,18.32821083,25.94459724
27/07/2020,18.63017082,26.32953453
28/07/2020,18.43801308,26.22367668
29/07/2020,18.73997498,26.57974052
30/07/2020,18.5752697,26.40652084
31/07/2020,18.21840477,26.28141594
03/08/2020,18.4746151,26.34877777
04/08/2020,18.59357071,26.72409058
05/08/2020,18.66677284,27.03203773
06/08/2020,18.79487801,27.13789558
07/08/2020,18.65762329,26.89731216
10/08/2020,18.8589325,27.08015442
11/08/2020,18.87722969,27.07052994
12/08/2020,19.11514091,27.32073784
13/08/2020,18.81317902,27.2533741
14/08/2020,18.82232857,27.19563675
17/08/2020,19.00533867,27.55169868
18/08/2020,19.08769035,27.52283096
19/08/2020,19.10599136,27.378479
20/08/2020,19.04193878,27.45546722
21/08/2020,18.84978104,27.34961128
24/08/2020,19.02363968,27.42659569
25/08/2020,18.96873474,27.53245544
26/08/2020,19.06938934,27.90776443
27/08/2020,19.05108833,27.85964966
28/08/2020,19.12429047,27.8404026
31/08/2020,19.02363968,27.628685
01/09/2020,19.00533867,27.81153107
02/09/2020,19.32560349,27.90776443
03/09/2020,18.80402756,27.35923386
04/09/2020,18.56612015,27.14751816
08/09/2020,18.38311195,26.5508709
09/09/2020,18.74912834,27.18601227
10/09/2020,18.25500488,26.75296021
11/09/2020,18.43801308,26.82994843
14/09/2020,18.60271835,27.08015442
15/09/2020,18.73997498,27.11864853
16/09/2020,18.75827789,26.88768959
17/09/2020,18.63932037,26.88768959
18/09/2020,18.41971016,26.66634941
21/09/2020,17.98049545,26.18518257
22/09/2020,18.1726532,26.48350525
23/09/2020,17.91644096,25.87723351
24/09/2020,17.90729332,26.05045509
25/09/2020,18.1909523,26.18518257
28/09/2020,18.35565948,26.53162193
29/09/2020,18.16349983,26.39689636
30/09/2020,18.04454803,26.3776474
01/10/2020,18.1909523,26.53162193
02/10/2020,18.16349983,26.50275612
05/10/2020,18.52951813,27.01279259
06/10/2020,18.30076027,26.59898376
07/10/2020,18.65762329,26.99354172
08/10/2020,18.93213463,27.38810158
09/10/2020,19.05108833,27.52283096
12/10/2020,19.1791935,27.59981728
13/10/2020,19.03278923,27.35923386
14/10/2020,19.01449013,27.28224564
15/10/2020,18.98703575,27.20525932
16/10/2020,18.98703575,27.13789558
19/10/2020,18.83147812,26.88768959
20/10/2020,18.81317902,26.98392105
21/10/2020,18.80402756,26.86844063
22/10/2020,18.96873474,26.9646759
23/10/2020,19.10599136,27.05128479
26/10/2020,18.82232857,26.5508709
27/10/2020,18.60271835,26.47388268
28/10/2020,18.09945107,25.50192261
29/10/2020,18.18180275,25.61740303
30/10/2020,18.09029961,25.47304916
02/11/2020,18.1909523,25.80024529
03/11/2020,18.77658081,26.3776474
04/11/2020,18.78573036,26.51237679
05/11/2020,19.39880562,27.15714073
06/11/2020,19.43540382,27.14751816
09/11/2020,20.20403671,27.57094574
10/11/2020,20.15828514,27.83077621
11/11/2020,20.43279648,28.02324486
12/11/2020,20.04848099,27.57094574
13/11/2020,20.30469322,27.70567513
16/11/2020,20.60665512,28.20608902
17/11/2020,20.64325333,28.3408165
18/11/2020,20.6707058,28.26383018
19/11/2020,20.82626343,28.3793087
20/11/2020,20.86286354,28.5044136
23/11/2020,20.872015,28.68725777
24/11/2020,21.42103958,29.18767357
25/11/2020,21.43934059,29.25503731
27/11/2020,21.32038307,29.35126877
30/11/2020,20.78966141,29.13955498
01/12/2020,21.20142937,29.3031559
02/12/2020,21.28378296,29.5052433
03/12/2020,21.38443756,29.70733643
04/12/2020,21.56744194,30.15963364
07/12/2020,21.51254463,30.17887878
08/12/2020,21.65894699,30.24624252
09/12/2020,21.6955471,30.16925812
10/12/2020,21.83280563,30.40021706
11/12/2020,21.73214912,30.24624252
14/12/2020,21.79674911,29.99780655
15/12/2020,22.05513382,30.33879852
16/12/2020,22.11973,30.31931496
17/12/2020,22.41503143,30.52391243
18/12/2020,22.1381855,30.18291473
21/12/2020,21.96285248,29.95883369
22/12/2020,21.82443237,29.91986275
23/12/2020,22.08281898,30.12446022
24/12/2020,22.09204674,30.26085663
28/12/2020,22.19355583,30.05626106
29/12/2020,22.11050034,30.13420296
30/12/2020,22.23046684,30.25111389
31/12/2020,22.1012764,30.04651833
04/01/2021,22.17509842,30.14394569
05/01/2021,22.48885536,30.70902252
06/01/2021,22.79338074,30.99156189
07/01/2021,22.80260849,31.32281494
08/01/2021,22.91334724,31.28384209
11/01/2021,22.53499413,30.96233368
12/01/2021,22.67341614,31.17667198
13/01/2021,22.59036446,31.12796021
14/01/2021,22.85797691,31.3422966
15/01/2021,22.56267929,31.01104736
19/01/2021,22.67341614,31.07924461
20/01/2021,23.07022476,31.36178207
21/01/2021,23.12559319,31.2351284
22/01/2021,22.95025826,30.82593346
25/01/2021,23.05176735,30.91361809
26/01/2021,23.07022476,30.80644989
27/01/2021,22.43348503,29.98806381
28/01/2021,22.59036446,30.33879852
29/01/2021,21.91671181,29.81269455
01/02/2021,22.29506302,30.14394569
02/02/2021,22.57190704,30.67979431
03/02/2021,22.66418648,30.78696442
04/02/2021,22.65495872,30.90387535
05/02/2021,22.89488983,31.21564293
08/02/2021,23.0609951,31.62483788
09/02/2021,23.04253769,31.83917618
10/02/2021,22.99640083,31.91711807
11/02/2021,23.1625061,31.94634819
12/02/2021,23.19018936,32.03403091
16/02/2021,23.37475014,32.18016815
17/02/2021,23.24555779,31.94634819
18/02/2021,23.31938362,31.85866165
19/02/2021,23.33783722,32.18991852
22/02/2021,23.42089081,32.2678566
23/02/2021,23.64236641,32.20940399
24/02/2021,23.80847168,32.70627975
25/02/2021,23.2824688,32.01454544
26/02/2021,22.61804581,31.3422966
01/03/2021,23.41166306,32.04377365
02/03/2021,23.37475014,32.38476563
03/03/2021,23.22710228,32.13145828
04/03/2021,23.07022476,31.7904644
05/03/2021,23.20864487,32.24836731
08/03/2021,23.00562668,32.35554123
09/03/2021,23.25478554,32.63807678
10/03/2021,23.07022476,32.87190628
11/03/2021,23.24555779,33.40775681
12/03/2021,23.19941521,33.59286118
15/03/2021,23.27323914,33.8072052
16/03/2021,23.23633003,33.75849533
17/03/2021,23.2824688,34.04103088
18/03/2021,22.87643433,33.50518036
19/03/2021,22.77492523,33.5149231
22/03/2021,22.9410305,33.35904312
23/03/2021,22.65495872,32.98881912
24/03/2021,22.64573288,32.98881912
25/03/2021,22.72878456,32.92061615
26/03/2021,23.11636162,33.24212646
29/03/2021,23.01485443,33.18367386
30/03/2021,22.8210659,33.04727173
31/03/2021,22.87643433,33.17392349
01/04/2021,23.19018936,33.74874496
05/04/2021,23.5223999,33.87540054
06/04/2021,23.29169655,33.8072052
07/04/2021,23.35629463,33.8072052
08/04/2021,23.51317215,34.06051636
09/04/2021,23.55008507,34.16768265
12/04/2021,23.47625923,34.05077362
13/04/2021,23.57776833,34.1774292
14/04/2021,23.7623291,34.1774292
15/04/2021,24.2052784,34.39176178
16/04/2021,24.23296356,34.46970749
19/04/2021,24.11299706,34.21640015
20/04/2021,23.65159416,33.59286118
21/04/2021,24.07608604,34.14819717
22/04/2021,23.91920662,33.92411804
23/04/2021,24.21450806,34.1287117
26/04/2021,24.3436985,34.47945404
27/04/2021,24.2052784,34.51842117
28/04/2021,24.41752243,35.10298157
29/04/2021,24.29755974,35.07375717
30/04/2021,23.88229561,34.69379425
03/05/2021,24.19605064,34.88864136
04/05/2021,24.04840088,34.83019257
05/05/2021,24.38061142,35.15169907
06/05/2021,24.41752243,35.45372009
07/05/2021,24.69436836,35.86291504
10/05/2021,24.75896454,35.86291504
11/05/2021,24.5467186,35.64857864
12/05/2021,24.12222672,35.28809738
13/05/2021,24.2237339,35.35629654
14/05/2021,24.45443726,35.89214325
17/05/2021,24.40829659,36.23313522
18/05/2021,24.33447266,36.29159546
19/05/2021,23.90998077,35.95059967
20/05/2021,24.49135017,36.37927628
21/05/2021,24.26987457,36.33057022
24/05/2021,24.4452095,36.61310577
25/05/2021,24.50057602,36.36953735
26/05/2021,24.53749084,36.56439209
27/05/2021,24.67591095,36.83719254
28/05/2021,24.67591095,36.89563751
01/06/2021,24.7866497,37.14895248
02/06/2021,25.02658081,37.23664093
03/06/2021,24.86047363,36.98332977
04/06/2021,25.2665081,37.22689438
07/06/2021,25.22036743,37.23664093
08/06/2021,25.25728226,37.18792343
09/06/2021,25.01735115,37.02229691
10/06/2021,25.27562714,37.12326813
11/06/2021,25.25691032,37.07425308
14/06/2021,25.31305695,37.24090195
15/06/2021,25.27562714,37.27030945
16/06/2021,25.16333199,37.01543808
17/06/2021,24.9574585,36.61352158
18/06/2021,24.33984184,36.1429863
21/06/2021,24.66736603,36.64293289
22/06/2021,24.66736603,36.84878922
23/06/2021,24.45213318,36.78017044
24/06/2021,24.64864922,36.83898926
25/06/2021,24.66736603,36.95661926
28/06/2021,24.4895668,36.68214035
29/06/2021,24.50828171,36.58411407
30/06/2021,24.31176758,36.53510284
01/07/2021,24.22754669,36.88800049
02/07/2021,24.47084999,36.88800049
06/07/2021,24.14332581,36.60372162
07/07/2021,24.40534401,36.47628021
08/07/2021,24.03103065,35.95672989
09/07/2021,24.44277763,36.52529526
12/07/2021,24.40534401,36.5154953
13/07/2021,24.2649765,36.39785767
14/07/2021,24.35855675,36.19199753
15/07/2021,24.12460899,36.03515625
16/07/2021,23.95616722,35.61363602
19/07/2021,23.45084,34.79999924
20/07/2021,23.74093437,35.35876083
21/07/2021,24.09653473,36.02534866
22/07/2021,24.05910301,35.98613739
23/07/2021,24.22754669,36.20180511
26/07/2021,24.25562096,36.19199753
27/07/2021,24.20882988,36.07436752
28/07/2021,24.14332581,36.32923889
29/07/2021,24.34919739,36.70174408
30/07/2021,24.11525154,36.59391785
02/08/2021,24.29304886,36.5154953
03/08/2021,24.4895668,36.53510284
04/08/2021,24.47084999,36.45667267
05/08/2021,24.64864922,36.69194412
06/08/2021,24.64864922,36.75076294
09/08/2021,24.55507088,36.63312531
10/08/2021,24.68608093,36.87819672
11/08/2021,24.80773544,37.06445313
12/08/2021,24.7328701,36.98602676
13/08/2021,24.90131187,36.96641922
16/08/2021,24.63929176,36.75076294
17/08/2021,24.04038811,36.36845016
18/08/2021,23.85322952,36.16259384
19/08/2021,23.65671349,35.49599838
20/08/2021,23.70350456,35.76067734
23/08/2021,23.93745041,36.48608398
24/08/2021,24.14332581,36.75076294
25/08/2021,24.20882988,36.79977417
26/08/2021,23.98423958,36.33904266
27/08/2021,24.33984184,36.81938171
30/08/2021,24.33048248,36.7605629
31/08/2021,24.25562096,36.60372162
01/09/2021,24.49892426,36.83898926
02/09/2021,24.70479584,37.27030945
03/09/2021,24.8358078,37.34873199
07/09/2021,24.70479584,36.91740799
08/09/2021,24.56442833,36.68214035
09/09/2021,24.32112312,36.7605629
10/09/2021,24.14332581,36.50569153
13/09/2021,24.33984184,36.62332535
14/09/2021,24.09653473,36.33904266
15/09/2021,24.33048248,36.82918167
16/09/2021,24.25562096,36.50569153
17/09/2021,23.80644035,36.03515625
20/09/2021,23.18882179,35.29994202
21/09/2021,23.46019745,35.44698334
22/09/2021,23.60992432,35.88811111
23/09/2021,23.96552658,36.33904266
24/09/2021,23.70350456,36.17239761
27/09/2021,23.84387207,36.46648026
28/09/2021,23.14203072,35.78028107
29/09/2021,23.07652473,35.59403229
30/09/2021,23.2262516,35.5842247
01/10/2021,23.33854675,35.90771866
04/10/2021,23.44148254,35.9273262
05/10/2021,23.6941452,36.17239761
06/10/2021,23.51634407,36.1429863
07/10/2021,23.81579971,36.71155167
08/10/2021,23.83451271,36.96641922
11/10/2021,23.85322952,36.86839294
12/10/2021,23.99359894,37.00563049
13/10/2021,24.09653473,37.407547
14/10/2021,24.3679142,37.94670105
15/10/2021,24.48020744,38.22118378
18/10/2021,24.35855675,38.27999878
19/10/2021,24.69543839,38.55448151
20/10/2021,24.92002678,38.86816788
21/10/2021,24.68608093,38.72112656
22/10/2021,24.8358078,38.77994537
25/10/2021,24.98553276,38.83876038
26/10/2021,24.93874359,38.54467773
27/10/2021,24.85452271,38.23098755
28/10/2021,25.12590218,38.81915283
29/10/2021,24.76094246,38.40743637
01/11/2021,24.77030182,38.85836411
02/11/2021,24.4895668,38.55448151
03/11/2021,24.67672348,38.8289566
04/11/2021,24.55507088,38.67211533
05/11/2021,24.7328701,38.87797165
08/11/2021,24.77966118,39.07403183
09/11/2021,24.59250259,39.07403183
10/11/2021,24.29304886,38.70152283
11/11/2021,24.18075562,38.68191528
12/11/2021,24.39598656,39.21126938
15/11/2021,24.41470337,39.1132431
16/11/2021,24.27433586,39.03481674
17/11/2021,23.88130379,38.75053406
18/11/2021,23.90001869,38.84856415
19/11/2021,23.70350456,38.47605896
22/11/2021,23.6754303,38.08394241
23/11/2021,23.98423958,38.3388176
24/11/2021,23.89066124,38.53487778
26/11/2021,22.9829483,37.4369545
29/11/2021,23.16074562,37.51538086
30/11/2021,22.88936806,36.64293289
01/12/2021,22.69285393,36.13318634
02/12/2021,23.07652473,36.78017044
03/12/2021,22.74900055,36.42726517
06/12/2021,23.07652473,37.11346817
07/12/2021,23.51634407,37.98591232
08/12/2021,23.72221947,37.73104477
09/12/2021,23.58185196,37.31932449
10/12/2021,23.61928368,37.28011322
13/12/2021,23.35687828,36.66261673
14/12/2021,23.26075935,36.47399139
15/12/2021,23.52028084,36.80160141
16/12/2021,23.38571358,36.92073059
17/12/2021,23.11658096,36.52363205
20/12/2021,23.13580513,36.0073967
21/12/2021,23.52989197,36.83138275
22/12/2021,23.87592125,37.31783676
23/12/2021,24.02971077,37.67523193
27/12/2021,24.19311333,38.03262711
28/12/2021,24.1258297,37.96313095
29/12/2021,24.23155975,37.85392761
30/12/2021,24.24028587,37.97306061
31/12/2021,24.0754528,38.15175629
03/01/2022,24.11423874,38.29074097
04/01/2022,24.4826889,37.9134903
05/01/2022,24.18210983,37.4468956
06/01/2022,23.75548172,37.73479462
07/01/2022,23.87183571,38.03262711
10/01/2022,23.68760872,37.8936348
11/01/2022,23.98818779,38.5786438
12/01/2022,24.2111969,39.07502365
13/01/2022,24.12393188,38.74740982
14/01/2022,23.85244179,38.84668732
18/01/2022,23.45490265,38.76726532
19/01/2022,23.56155777,38.66799164
20/01/2022,23.38702965,38.33045197
21/01/2022,22.72769356,37.3277626
24/01/2022,22.54346657,37.09943008
25/01/2022,22.48529053,37.29798126
26/01/2022,22.28167152,37.0597229
27/01/2022,21.7871685,36.77182007
28/01/2022,21.88413048,37.04979324
31/01/2022,22.14592552,37.9134903
01/02/2022,22.43680954,38.39994431
02/02/2022,22.57255554,38.5587883
03/02/2022,22.32045555,37.90356445
04/02/2022,22.40772247,38.11204529
07/02/2022,22.59194565,38.28081512
08/02/2022,23.01857567,38.4793663
09/02/2022,23.38702965,38.99560165
10/02/2022,23.17371368,38.63820648
11/02/2022,22.94100761,38.5587883
14/02/2022,22.98948669,38.23117447
15/02/2022,23.36763763,38.56871414
16/02/2022,23.61973572,38.4396553
17/02/2022,23.43550873,37.93334579
18/02/2022,23.25128174,37.47667694
22/02/2022,23.38702965,37.26819992
23/02/2022,23.24158669,37.01008224
24/02/2022,23.06705856,36.83138275
25/02/2022,23.48398972,37.87378311
28/02/2022,23.31915474,37.94327545
01/03/2022,23.11553764,37.4270401
02/03/2022,23.86213875,38.30067062
03/03/2022,23.63912582,38.16168213
04/03/2022,24.01727676,38.26095963
07/03/2022,23.55186272,37.78443527
08/03/2022,23.18341064,37.41711044
09/03/2022,23.67791176,38.17161179
10/03/2022,23.89122581,38.4396553
11/03/2022,23.63912582,38.24110413
14/03/2022,23.34824371,37.64544678
15/03/2022,23.57125473,37.82414246
16/03/2022,24.35664177,38.56871414
17/03/2022,24.59904289,39.34306717
18/03/2022,24.90931892,39.49198151
21/03/2022,24.90931892,39.9188652
22/03/2022,25.19050598,40.08763885
23/03/2022,25.20989799,39.76995468
24/03/2022,25.55895805,39.8990097
25/03/2022,25.69470406,40.29611588
28/03/2022,25.56865501,40.0777092
29/03/2022,25.86923409,40.29611588
30/03/2022,25.8886261,40.36560822
31/03/2022,25.62683105,39.9188652
01/04/2022,25.87893105,39.92879486
04/04/2022,26.06315613,40.32589722
05/04/2022,25.92741013,40.03800201
06/04/2022,25.7528801,39.6111145
07/04/2022,25.72379303,39.50191116
08/04/2022,25.73348999,39.60118484
11/04/2022,25.46199799,39.28350067
12/04/2022,25.55895805,39.11473465
13/04/2022,25.69470406,39.52176666
14/04/2022,25.58804512,39.39270401
18/04/2022,25.51047707,39.42248535
19/04/2022,25.83044815,39.73024368
20/04/2022,25.98558617,40.04792786
21/04/2022,25.48139,39.16437149
22/04/2022,24.52147484,37.90356445
25/04/2022,24.10454178,37.56602859
26/04/2022,23.65851974,36.74203491
27/04/2022,23.87183571,36.82145691
28/04/2022,24.22089386,37.60573959
29/04/2022,23.83304977,36.78174591
02/05/2022,23.76517677,36.69239807
03/05/2022,24.03666878,37.18877792
04/05/2022,24.59904289,38.01277161
05/05/2022,23.70700073,36.80160141
06/05/2022,23.35794067,36.55341339
09/05/2022,22.5822525,35.13376617
10/05/2022,22.60164261,34.90542984
11/05/2022,22.53376961,34.93521118
12/05/2022,22.10714149,34.62746048
13/05/2022,22.91191864,35.64007568
16/05/2022,22.99918365,35.97761154
17/05/2022,23.38702965,36.57326889
18/05/2022,22.80526161,35.65000153
19/05/2022,23.10584068,36.05703354
20/05/2022,23.30945969,35.94782639
23/05/2022,23.61003876,36.57326889
24/05/2022,23.58094978,36.20594788
25/05/2022,23.65851974,36.38464355
26/05/2022,23.68760872,36.76189041
27/05/2022,24.19180679,37.3476181
31/05/2022,23.93001175,37.55610275
01/06/2022,24.0075798,37.47667694
02/06/2022,24.56995392,38.30067062
03/06/2022,24.22089386,37.74472427
06/06/2022,24.18210983,37.88370895
07/06/2022,24.12393188,38.20139313
08/06/2022,23.70700073,37.84399796
09/06/2022,23.01000023,37.02000046
10/06/2022,22.37999916,36.22999954
13/06/2022,21.40999985,35
14/06/2022,21.23999977,34.58000183
15/06/2022,21.67000008,34.88999939
16/06/2022,21.18000031,33.68999863
17/06/2022,20.80999947,33.31000137
21/06/2022,21.30999947,34.22999954
22/06/2022,21.06999969,33.70999908
23/06/2022,21.04000092,33.06000137
24/06/2022,21.61000061,33.93000031
27/06/2022,21.55999947,34.34000015
28/06/2022,21.52000046,34.29000092
29/06/2022,21.45999908,33.99000168
30/06/2022,21.21999931,33.68000031
01/07/2022,21.09000015,34.04000092
05/07/2022,20.81999969,33.20000076
06/07/2022,20.96999931,33.02000046
07/07/2022,21.40999985,33.75999832
08/07/2022,21.31999969,33.75
11/07/2022,20.75,33.27000046
12/07/2022,20.84000015,33
13/07/2022,20.87000084,33.00999832
14/07/2022,20.65999985,32.04999924
15/07/2022,21.06999969,32.38999939
18/07/2022,21.05999947,32.88999939
19/07/2022,21.55999947,33.75999832
20/07/2022,21.54999924,33.88999939
21/07/2022,21.75,33.95999908
22/07/2022,21.75,33.72999954
25/07/2022,22.02000046,34.18999863
26/07/2022,21.73999977,33.77000046
27/07/2022,22.35000038,34.54999924
28/07/2022,22.45000076,34.86000061
29/07/2022,22.73999977,35.31000137
01/08/2022,22.72999954,34.95999908
02/08/2022,22.44000053,34.75999832
03/08/2022,22.54999924,34.97000122
04/08/2022,22.54000092,34.93999863
05/08/2022,22.37999916,34.75999832
08/08/2022,22.59000015,35.06000137
09/08/2022,22.40999985,34.81999969
10/08/2022,23.02000046,35.68999863
11/08/2022,23.04000092,35.88999939
12/08/2022,23.25,36.24000168
15/08/2022,22.97999954,35.84999847
16/08/2022,23.10000038,36.25999832
17/08/2022,22.80999947,35.88000107
18/08/2022,22.90999985,35.97999954
19/08/2022,22.60000038,35.52999878
22/08/2022,22.37000084,35.15999985
23/08/2022,22.42000008,35.43999863
24/08/2022,22.47999954,35.40999985
25/08/2022,22.87000084,35.81999969
26/08/2022,22.44000053,34.95999908
29/08/2022,22.36000061,34.97999954
30/08/2022,22.04999924,34.13000107
31/08/2022,21.90999985,33.68999863
01/09/2022,21.72999954,33.36000061
02/09/2022,21.77000046,33.65999985
06/09/2022,21.46999931,33.27999878
07/09/2022,21.45999908,33.66999817
08/09/2022,21.65999985,34.04000092
09/09/2022,22.35000038,34.88999939
12/09/2022,22.59000015,35.38000107
13/09/2022,21.62000084,34.25999832
14/09/2022,21.57999992,34.43999863
15/09/2022,21.40999985,33.97999954
16/09/2022,21.23999977,33.56000137
19/09/2022,21.44000053,33.97000122
20/09/2022,21.20000076,33.33000183
21/09/2022,20.77000046,32.75999832
22/09/2022,20.72999954,32.38000107
23/09/2022,19.95000076,31.29999924
26/09/2022,19.79000092,30.72999954
27/09/2022,19.62000084,30.71999931
